record_id,platform,intervention_type,GD_conf_tier1,TL_conf_tier1,VT_conf_tier1,mean_conf_tier1_num,min_conf_tier1,cross_rater_composite_sd
di_447908,wikipedia,warning,low,medium,low,1.333,1,0.312
di_444343,wikipedia,restriction,low,low,medium,1.333,1,0.53
di_421535,wikipedia,positive_reinforcement,low,low,medium,1.333,1,0.68
di_449233,wikipedia,warning,low,medium,medium,1.667,1,0.412
di_441816,wikipedia,restriction,low,medium,medium,1.667,1,0.471
di_442902,wikipedia,warning,low,medium,medium,1.667,1,0.156
di_433656,wikipedia,positive_reinforcement,low,medium,medium,1.667,1,0.312
di_445325,wikipedia,warning,low,medium,medium,1.667,1,0.328
di_439788,wikipedia,positive_reinforcement,medium,low,medium,1.667,1,0.503
di_435246,wikipedia,reframe,medium,low,medium,1.667,1,0.471
di_438343,wikipedia,reframe,medium,low,medium,1.667,1,0.425
di_432463,wikipedia,warning,low,medium,medium,1.667,1,0.156
di_442076,wikipedia,warning,low,medium,medium,1.667,1,0.562
di_426679,wikipedia,reframe,medium,low,medium,1.667,1,0.562
di_426612,wikipedia,warning,low,medium,medium,1.667,1,0.425
di_437521,wikipedia,warning,low,medium,medium,1.667,1,0.295
di_424657,wikipedia,warning,medium,low,medium,1.667,1,0.156
di_429131,wikipedia,warning,low,medium,medium,1.667,1,0.471
di_449712,wikipedia,warning,low,high,medium,2.0,1,0.514
di_440591,wikipedia,warning,low,high,medium,2.0,1,0.177
di_448564,wikipedia,reframe,medium,medium,medium,2.0,2,0.54
di_442737,wikipedia,reframe,medium,medium,medium,2.0,2,0.425
mn_071094,stackexchange,reframe,medium,medium,medium,2.0,2,0.236
bl_005808,reddit,positive_reinforcement,medium,medium,medium,2.0,2,0.468
bl_006697,reddit,reframe,medium,medium,medium,2.0,2,0.471
mn_094753,stackexchange,reframe,medium,medium,medium,2.0,2,0.471
mn_085374,stackexchange,reframe,medium,medium,medium,2.0,2,0.468
di_448056,wikipedia,warning,medium,medium,medium,2.0,2,0.156
di_437453,wikipedia,restriction,medium,medium,medium,2.0,2,0.354
mn_138711,stackexchange,reframe,medium,medium,medium,2.0,2,0.445
mn_134341,stackexchange,reframe,medium,medium,medium,2.0,2,0.156
mn_280374,stackexchange,reframe,medium,medium,medium,2.0,2,0.358
di_441339,wikipedia,restriction,medium,medium,medium,2.0,2,0.236
di_441357,wikipedia,restriction,medium,medium,medium,2.0,2,0.471
di_442786,wikipedia,restriction,medium,medium,medium,2.0,2,0.471
di_438773,wikipedia,warning,high,low,medium,2.0,1,0.445
bl_016848,reddit,reframe,medium,medium,medium,2.0,2,0.059
di_431394,wikipedia,reframe,medium,medium,medium,2.0,2,0.425
bl_015426,reddit,reframe,medium,medium,medium,2.0,2,0.156
bl_015480,reddit,reframe,medium,medium,medium,2.0,2,0.524
di_431913,wikipedia,restriction,low,high,medium,2.0,1,0.648
di_433320,wikipedia,warning,medium,medium,medium,2.0,2,0.212
di_433612,wikipedia,warning,medium,medium,medium,2.0,2,0.408
di_433254,wikipedia,warning,high,low,medium,2.0,1,0.212
di_431743,wikipedia,warning,medium,medium,medium,2.0,2,0.524
di_438102,wikipedia,restriction,medium,medium,medium,2.0,2,0.059
di_438490,wikipedia,restriction,medium,medium,medium,2.0,2,0.425
di_438494,wikipedia,restriction,medium,medium,medium,2.0,2,0.0
di_442034,wikipedia,restriction,medium,medium,medium,2.0,2,0.471
di_437597,wikipedia,restriction,medium,medium,medium,2.0,2,0.471
di_435079,wikipedia,reframe,medium,medium,medium,2.0,2,0.54
di_434581,wikipedia,restriction,low,high,medium,2.0,1,0.312
di_432984,wikipedia,restriction,medium,medium,medium,2.0,2,0.514
bl_017590,reddit,reframe,medium,medium,medium,2.0,2,0.637
di_427640,wikipedia,warning,high,low,medium,2.0,1,0.204
di_424305,wikipedia,reframe,medium,medium,medium,2.0,2,0.68
di_422625,wikipedia,reframe,medium,medium,medium,2.0,2,0.354
di_422948,wikipedia,positive_reinforcement,medium,medium,medium,2.0,2,0.312
bl_019174,reddit,reframe,medium,medium,medium,2.0,2,0.236
bl_007006,reddit,positive_reinforcement,medium,medium,medium,2.0,2,0.102
mn_077392,stackexchange,reframe,medium,medium,medium,2.0,2,0.562
di_448972,wikipedia,warning,high,low,medium,2.0,1,0.425
di_449164,wikipedia,warning,low,high,medium,2.0,1,0.312
mn_066357,stackexchange,reframe,medium,medium,medium,2.0,2,0.412
bl_000857,reddit,positive_reinforcement,medium,medium,medium,2.0,2,0.797
mn_381978,stackexchange,reframe,medium,low,high,2.0,1,0.328
di_428594,wikipedia,positive_reinforcement,medium,medium,medium,2.0,2,0.204
di_423375,wikipedia,restriction,medium,medium,medium,2.0,2,0.471
di_427955,wikipedia,restriction,medium,medium,medium,2.0,2,0.412
di_428400,wikipedia,reframe,low,high,medium,2.0,1,0.471
bl_006552,reddit,positive_reinforcement,medium,high,medium,2.333,2,0.059
bl_006214,reddit,reframe,medium,high,medium,2.333,2,0.514
bl_006869,reddit,positive_reinforcement,high,medium,medium,2.333,2,0.46
mn_028626,stackexchange,reframe,medium,medium,high,2.333,2,0.312
mn_032646,stackexchange,reframe,medium,medium,high,2.333,2,0.312
mn_046272,stackexchange,reframe,medium,medium,high,2.333,2,0.482
mn_047053,stackexchange,reframe,medium,medium,high,2.333,2,0.328
mn_059041,stackexchange,reframe,medium,medium,high,2.333,2,0.306
mn_059673,stackexchange,reframe,medium,medium,high,2.333,2,0.773
mn_066053,stackexchange,reframe,medium,medium,high,2.333,2,0.328
di_440673,wikipedia,reframe,medium,high,medium,2.333,2,0.425
bl_009199,reddit,positive_reinforcement,medium,high,medium,2.333,2,0.669
bl_007604,reddit,reframe,medium,high,medium,2.333,2,0.102
mn_023696,stackexchange,reframe,high,medium,medium,2.333,2,0.236
di_447313,wikipedia,positive_reinforcement,medium,high,medium,2.333,2,0.312
di_445253,wikipedia,restriction,medium,medium,high,2.333,2,0.471
mn_231762,stackexchange,reframe,medium,medium,high,2.333,2,0.471
mn_227887,stackexchange,reframe,medium,medium,high,2.333,2,0.156
bl_005710,reddit,positive_reinforcement,medium,high,medium,2.333,2,0.53
bl_004903,reddit,reframe,medium,high,medium,2.333,2,0.514
bl_004301,reddit,reframe,medium,high,medium,2.333,2,0.54
mn_136546,stackexchange,reframe,medium,medium,high,2.333,2,0.503
mn_147550,stackexchange,reframe,medium,medium,high,2.333,2,0.408
mn_166604,stackexchange,reframe,medium,medium,high,2.333,2,0.648
mn_169916,stackexchange,reframe,medium,medium,high,2.333,2,0.358
mn_074775,stackexchange,reframe,medium,medium,high,2.333,2,0.68
bl_002538,reddit,positive_reinforcement,medium,high,medium,2.333,2,0.598
bl_003582,reddit,reframe,medium,high,medium,2.333,2,0.412
di_438534,wikipedia,positive_reinforcement,medium,high,medium,2.333,2,0.204
bl_012618,reddit,positive_reinforcement,medium,high,medium,2.333,2,0.425
di_434697,wikipedia,positive_reinforcement,medium,high,medium,2.333,2,0.236
bl_012787,reddit,positive_reinforcement,medium,high,medium,2.333,2,0.54
di_436372,wikipedia,reframe,medium,high,medium,2.333,2,0.412
bl_012495,reddit,reframe,medium,medium,high,2.333,2,0.156
di_443713,wikipedia,reframe,high,medium,medium,2.333,2,0.621
di_441885,wikipedia,restriction,medium,high,medium,2.333,2,0.354
di_441302,wikipedia,restriction,medium,high,medium,2.333,2,0.46
di_440836,wikipedia,restriction,high,medium,medium,2.333,2,0.0
bl_010625,reddit,positive_reinforcement,medium,medium,high,2.333,2,0.773
di_436517,wikipedia,positive_reinforcement,medium,high,medium,2.333,2,0.312
bl_010680,reddit,reframe,medium,high,medium,2.333,2,0.468
bl_014708,reddit,positive_reinforcement,medium,high,medium,2.333,2,0.408
mn_115553,stackexchange,reframe,high,medium,medium,2.333,2,0.482
mn_169966,stackexchange,reframe,medium,medium,high,2.333,2,0.386
mn_298699,stackexchange,reframe,medium,medium,high,2.333,2,0.46
mn_294761,stackexchange,reframe,medium,medium,high,2.333,2,0.212
bl_004215,reddit,positive_reinforcement,medium,medium,high,2.333,2,0.736
mn_224720,stackexchange,reframe,medium,medium,high,2.333,2,0.468
mn_220726,stackexchange,reframe,high,medium,medium,2.333,2,0.312
bl_000008,reddit,positive_reinforcement,medium,medium,high,2.333,2,0.156
bl_004197,reddit,positive_reinforcement,medium,high,medium,2.333,2,0.386
mn_274567,stackexchange,reframe,high,medium,medium,2.333,2,0.471
mn_275619,stackexchange,reframe,medium,medium,high,2.333,2,0.425
mn_282305,stackexchange,reframe,medium,high,medium,2.333,2,0.328
bl_003289,reddit,reframe,medium,high,medium,2.333,2,0.306
bl_003507,reddit,reframe,high,medium,medium,2.333,2,0.358
mn_415400,stackexchange,reframe,medium,medium,high,2.333,2,0.831
bl_000062,reddit,reframe,medium,high,medium,2.333,2,0.468
bl_017628,reddit,positive_reinforcement,medium,high,medium,2.333,2,0.468
bl_017109,reddit,positive_reinforcement,medium,high,medium,2.333,2,0.568
di_434572,wikipedia,restriction,medium,high,medium,2.333,2,0.368
di_434370,wikipedia,reframe,medium,high,medium,2.333,2,0.408
di_432273,wikipedia,reframe,medium,high,medium,2.333,2,0.471
di_431955,wikipedia,restriction,medium,high,medium,2.333,2,0.589
di_432280,wikipedia,reframe,medium,high,medium,2.333,2,0.471
bl_013686,reddit,positive_reinforcement,medium,high,medium,2.333,2,0.524
bl_014942,reddit,positive_reinforcement,medium,high,medium,2.333,2,0.624
bl_014724,reddit,positive_reinforcement,medium,medium,high,2.333,2,0.819
bl_014713,reddit,positive_reinforcement,medium,medium,high,2.333,2,0.793
bl_015528,reddit,positive_reinforcement,medium,high,medium,2.333,2,0.27
bl_016006,reddit,reframe,medium,medium,high,2.333,2,0.358
bl_015589,reddit,reframe,medium,high,medium,2.333,2,0.236
di_429427,wikipedia,restriction,medium,medium,high,2.333,2,0.354
di_431409,wikipedia,positive_reinforcement,medium,high,medium,2.333,2,0.368
di_423330,wikipedia,positive_reinforcement,medium,high,medium,2.333,2,0.354
di_422686,wikipedia,reframe,medium,high,medium,2.333,2,0.412
di_422437,wikipedia,reframe,medium,high,medium,2.333,2,0.204
di_422634,wikipedia,reframe,medium,high,medium,2.333,2,0.514
di_422167,wikipedia,positive_reinforcement,medium,high,medium,2.333,2,0.236
di_421578,wikipedia,positive_reinforcement,medium,high,medium,2.333,2,0.568
di_421624,wikipedia,warning,medium,high,medium,2.333,2,0.212
di_421980,wikipedia,reframe,medium,high,medium,2.333,2,0.354
bl_018006,reddit,reframe,medium,high,medium,2.333,2,0.204
di_426480,wikipedia,reframe,medium,high,medium,2.333,2,0.471
di_425573,wikipedia,reframe,medium,high,medium,2.333,2,0.177
di_425623,wikipedia,reframe,medium,high,medium,2.333,2,0.386
di_426450,wikipedia,reframe,medium,high,medium,2.333,2,0.471
di_427447,wikipedia,reframe,medium,high,medium,2.333,2,0.471
bl_019135,reddit,positive_reinforcement,high,medium,medium,2.333,2,0.68
bl_019227,reddit,positive_reinforcement,medium,high,medium,2.333,2,0.724
di_428259,wikipedia,restriction,medium,high,medium,2.333,2,0.408
di_427985,wikipedia,positive_reinforcement,high,medium,medium,2.333,2,0.425
bl_002124,reddit,reframe,medium,high,medium,2.333,2,0.156
bl_001365,reddit,positive_reinforcement,medium,high,medium,2.333,2,0.412
bl_002126,reddit,reframe,medium,high,medium,2.333,2,0.177
bl_002381,reddit,positive_reinforcement,medium,medium,high,2.333,2,0.503
mn_393446,stackexchange,reframe,medium,medium,high,2.333,2,0.695
mn_394056,stackexchange,reframe,medium,medium,high,2.333,2,0.621
mn_397684,stackexchange,reframe,medium,high,medium,2.333,2,0.312
mn_415240,stackexchange,reframe,high,medium,high,2.667,2,0.354
mn_389059,stackexchange,reframe,high,medium,high,2.667,2,0.503
mn_358151,stackexchange,reframe,high,medium,high,2.667,2,0.589
mn_376366,stackexchange,reframe,high,medium,high,2.667,2,0.257
bl_002004,reddit,reframe,medium,high,high,2.667,2,0.27
mn_324747,stackexchange,reframe,high,medium,high,2.667,2,0.562
mn_340215,stackexchange,reframe,high,medium,high,2.667,2,0.059
mn_340631,stackexchange,reframe,high,medium,high,2.667,2,0.51
bl_001852,reddit,positive_reinforcement,high,medium,high,2.667,2,0.621
bl_001952,reddit,reframe,medium,high,high,2.667,2,0.354
bl_001761,reddit,positive_reinforcement,medium,high,high,2.667,2,0.54
di_424409,wikipedia,restriction,high,high,medium,2.667,2,0.68
bl_000698,reddit,reframe,high,medium,high,2.667,2,0.868
bl_001089,reddit,reframe,medium,high,high,2.667,2,0.514
bl_001276,reddit,positive_reinforcement,high,medium,high,2.667,2,0.177
bl_001485,reddit,positive_reinforcement,high,medium,high,2.667,2,0.204
bl_018195,reddit,positive_reinforcement,medium,high,high,2.667,2,0.312
bl_018971,reddit,positive_reinforcement,medium,high,high,2.667,2,0.524
bl_018468,reddit,reframe,medium,high,high,2.667,2,0.445
bl_020572,reddit,reframe,high,high,medium,2.667,2,0.156
bl_018814,reddit,reframe,medium,high,high,2.667,2,0.312
bl_011790,reddit,positive_reinforcement,medium,high,high,2.667,2,0.0
bl_015743,reddit,reframe,high,high,medium,2.667,2,0.598
bl_015321,reddit,reframe,high,medium,high,2.667,2,0.059
bl_016200,reddit,reframe,medium,high,high,2.667,2,0.562
bl_016004,reddit,positive_reinforcement,high,high,medium,2.667,2,0.514
bl_016484,reddit,reframe,high,high,medium,2.667,2,0.562
bl_016552,reddit,positive_reinforcement,medium,high,high,2.667,2,0.408
bl_016729,reddit,reframe,medium,high,high,2.667,2,0.312
bl_016636,reddit,reframe,medium,high,high,2.667,2,0.0
bl_017673,reddit,reframe,medium,high,high,2.667,2,0.54
bl_018123,reddit,reframe,medium,high,high,2.667,2,0.412
bl_011727,reddit,reframe,medium,high,high,2.667,2,0.204
bl_013423,reddit,reframe,medium,high,high,2.667,2,0.102
bl_012603,reddit,reframe,medium,high,high,2.667,2,0.354
bl_011927,reddit,reframe,high,medium,high,2.667,2,0.204
bl_014164,reddit,reframe,medium,high,high,2.667,2,0.236
bl_013992,reddit,reframe,high,medium,high,2.667,2,0.482
bl_014321,reddit,positive_reinforcement,medium,high,high,2.667,2,0.51
bl_014260,reddit,positive_reinforcement,high,high,medium,2.667,2,0.835
mn_123812,stackexchange,reframe,high,medium,high,2.667,2,0.612
mn_127902,stackexchange,reframe,high,medium,high,2.667,2,0.445
mn_132740,stackexchange,reframe,high,high,medium,2.667,2,0.27
mn_069756,stackexchange,reframe,high,medium,high,2.667,2,0.714
mn_049163,stackexchange,reframe,high,medium,high,2.667,2,0.68
mn_045090,stackexchange,reframe,high,medium,high,2.667,2,0.503
mn_055686,stackexchange,reframe,high,medium,high,2.667,2,0.358
mn_038158,stackexchange,reframe,medium,high,high,2.667,2,0.425
bl_008488,reddit,positive_reinforcement,medium,high,high,2.667,2,0.412
bl_008454,reddit,positive_reinforcement,high,medium,high,2.667,2,0.386
bl_007508,reddit,reframe,medium,high,high,2.667,2,0.212
mn_024625,stackexchange,reframe,high,medium,high,2.667,2,0.358
mn_021947,stackexchange,reframe,high,medium,high,2.667,2,0.892
di_448031,wikipedia,warning,high,high,medium,2.667,2,0.425
di_445041,wikipedia,warning,high,high,medium,2.667,2,0.118
bl_008958,reddit,positive_reinforcement,medium,high,high,2.667,2,0.368
bl_008947,reddit,positive_reinforcement,medium,high,high,2.667,2,0.637
bl_008873,reddit,positive_reinforcement,medium,high,high,2.667,2,0.328
bl_009403,reddit,positive_reinforcement,medium,high,high,2.667,2,0.46
bl_009298,reddit,positive_reinforcement,high,high,medium,2.667,2,0.738
di_443823,wikipedia,positive_reinforcement,high,high,medium,2.667,2,0.425
bl_010064,reddit,positive_reinforcement,high,medium,high,2.667,2,0.471
bl_010065,reddit,reframe,high,high,medium,2.667,2,0.695
bl_010696,reddit,reframe,medium,high,high,2.667,2,0.482
bl_005773,reddit,reframe,medium,high,high,2.667,2,0.68
mn_136293,stackexchange,reframe,high,medium,high,2.667,2,0.386
mn_149282,stackexchange,reframe,high,medium,high,2.667,2,0.524
mn_159118,stackexchange,reframe,high,medium,high,2.667,2,0.295
mn_147440,stackexchange,reframe,high,medium,high,2.667,2,0.386
mn_073240,stackexchange,reframe,high,medium,high,2.667,2,0.177
mn_080191,stackexchange,reframe,medium,high,high,2.667,2,0.27
mn_108706,stackexchange,reframe,high,medium,high,2.667,2,0.766
mn_134875,stackexchange,reframe,medium,high,high,2.667,2,0.46
mn_138043,stackexchange,reframe,high,medium,high,2.667,2,0.875
bl_006229,reddit,reframe,medium,high,high,2.667,2,0.386
bl_006433,reddit,positive_reinforcement,medium,high,high,2.667,2,0.51
bl_006507,reddit,reframe,medium,high,high,2.667,2,0.358
bl_006438,reddit,positive_reinforcement,medium,high,high,2.667,2,0.46
bl_006872,reddit,reframe,medium,high,high,2.667,2,0.386
bl_006706,reddit,positive_reinforcement,medium,high,high,2.667,2,0.204
bl_006198,reddit,reframe,medium,high,high,2.667,2,0.568
bl_005817,reddit,positive_reinforcement,medium,high,high,2.667,2,0.621
mn_188558,stackexchange,reframe,medium,high,high,2.667,2,0.312
mn_178724,stackexchange,reframe,high,medium,high,2.667,2,0.312
mn_176374,stackexchange,reframe,high,medium,high,2.667,2,0.615
mn_224686,stackexchange,reframe,high,medium,high,2.667,2,0.46
mn_212859,stackexchange,reframe,high,medium,high,2.667,2,0.408
mn_218699,stackexchange,reframe,high,medium,high,2.667,2,0.204
bl_004259,reddit,positive_reinforcement,medium,high,high,2.667,2,0.568
mn_256056,stackexchange,reframe,high,medium,high,2.667,2,0.156
mn_224149,stackexchange,reframe,high,medium,high,2.667,2,0.425
bl_004860,reddit,reframe,medium,high,high,2.667,2,0.118
bl_005339,reddit,positive_reinforcement,medium,high,high,2.667,2,0.514
bl_004873,reddit,reframe,high,high,medium,2.667,2,0.412
bl_005410,reddit,positive_reinforcement,medium,high,high,2.667,2,0.471
bl_002950,reddit,reframe,medium,high,high,2.667,2,0.257
bl_003600,reddit,positive_reinforcement,medium,high,high,2.667,2,0.212
bl_003725,reddit,reframe,medium,high,high,2.667,2,0.445
bl_003404,reddit,reframe,high,high,medium,2.667,2,0.295
bl_003534,reddit,positive_reinforcement,medium,high,high,2.667,2,0.612
bl_003202,reddit,reframe,medium,high,high,2.667,2,0.312
bl_003171,reddit,reframe,medium,high,high,2.667,2,0.78
mn_264926,stackexchange,reframe,high,medium,high,2.667,2,0.368
bl_004204,reddit,reframe,medium,high,high,2.667,2,0.386
mn_310793,stackexchange,reframe,high,medium,high,2.667,2,0.624
mn_322763,stackexchange,reframe,high,medium,high,2.667,2,0.664
mn_323441,stackexchange,reframe,high,medium,high,2.667,2,0.27
mn_275499,stackexchange,reframe,high,medium,high,2.667,2,0.503
mn_290117,stackexchange,reframe,high,medium,high,2.667,2,0.212
mn_290391,stackexchange,reframe,medium,high,high,2.667,2,0.312
mn_303601,stackexchange,reframe,high,medium,high,2.667,2,0.615
mn_310703,stackexchange,reframe,high,medium,high,2.667,2,0.482
mn_212732,stackexchange,reframe,high,medium,high,2.667,2,0.312
mn_195821,stackexchange,reframe,medium,high,high,2.667,2,0.27
bl_005768,reddit,reframe,medium,high,high,2.667,2,0.102
bl_001607,reddit,reframe,high,high,high,3.0,3,0.156
bl_000541,reddit,reframe,high,high,high,3.0,3,0.471
mn_391984,stackexchange,reframe,high,high,high,3.0,3,0.257
mn_381227,stackexchange,reframe,high,high,high,3.0,3,0.212
bl_000686,reddit,positive_reinforcement,high,high,high,3.0,3,0.156
mn_338982,stackexchange,reframe,high,high,high,3.0,3,0.328
mn_399548,stackexchange,reframe,high,high,high,3.0,3,0.177
bl_017664,reddit,reframe,high,high,high,3.0,3,0.358
bl_017409,reddit,positive_reinforcement,high,high,high,3.0,3,0.156
bl_015391,reddit,positive_reinforcement,high,high,high,3.0,3,0.46
bl_019636,reddit,positive_reinforcement,high,high,high,3.0,3,0.059
bl_020270,reddit,reframe,high,high,high,3.0,3,0.257
mn_364854,stackexchange,reframe,high,high,high,3.0,3,0.612
mn_153689,stackexchange,reframe,high,high,high,3.0,3,0.482
mn_166550,stackexchange,reframe,high,high,high,3.0,3,0.27
mn_165537,stackexchange,reframe,high,high,high,3.0,3,0.212
mn_116053,stackexchange,reframe,high,high,high,3.0,3,0.562
mn_074089,stackexchange,reframe,high,high,high,3.0,3,0.524
mn_163696,stackexchange,reframe,high,high,high,3.0,3,0.503
mn_130480,stackexchange,reframe,high,high,high,3.0,3,0.212
mn_118182,stackexchange,reframe,high,high,high,3.0,3,0.102
bl_007010,reddit,positive_reinforcement,high,high,high,3.0,3,0.54
bl_006216,reddit,reframe,high,high,high,3.0,3,0.412
bl_007185,reddit,positive_reinforcement,high,high,high,3.0,3,0.386
bl_009013,reddit,reframe,high,high,high,3.0,3,0.354
di_445997,wikipedia,warning,high,high,high,3.0,3,0.059
mn_066310,stackexchange,reframe,high,high,high,3.0,3,0.368
mn_052866,stackexchange,reframe,high,high,high,3.0,3,0.514
mn_043575,stackexchange,reframe,high,high,high,3.0,3,0.568
bl_008933,reddit,positive_reinforcement,high,high,high,3.0,3,0.89
bl_009122,reddit,positive_reinforcement,high,high,high,3.0,3,0.425
bl_009071,reddit,positive_reinforcement,high,high,high,3.0,3,0.328
bl_009778,reddit,reframe,high,high,high,3.0,3,0.615
bl_010532,reddit,reframe,high,high,high,3.0,3,0.408
bl_009277,reddit,reframe,high,high,high,3.0,3,0.312
bl_016031,reddit,reframe,high,high,high,3.0,3,0.386
bl_015824,reddit,reframe,high,high,high,3.0,3,0.102
bl_015320,reddit,positive_reinforcement,high,high,high,3.0,3,0.589
bl_014139,reddit,reframe,high,high,high,3.0,3,0.27
bl_014374,reddit,positive_reinforcement,high,high,high,3.0,3,0.177
bl_014431,reddit,positive_reinforcement,high,high,high,3.0,3,0.598
bl_013445,reddit,reframe,high,high,high,3.0,3,0.445
bl_012772,reddit,positive_reinforcement,high,high,high,3.0,3,0.471
bl_011972,reddit,positive_reinforcement,high,high,high,3.0,3,0.412
bl_010857,reddit,positive_reinforcement,high,high,high,3.0,3,0.386
bl_019926,reddit,positive_reinforcement,high,high,high,3.0,3,0.773
bl_005569,reddit,positive_reinforcement,high,high,high,3.0,3,0.482
mn_277750,stackexchange,reframe,high,high,high,3.0,3,0.445
bl_005624,reddit,reframe,high,high,high,3.0,3,0.204
bl_005298,reddit,reframe,high,high,high,3.0,3,0.212
bl_004749,reddit,positive_reinforcement,high,high,high,3.0,3,0.368
mn_248540,stackexchange,reframe,high,high,high,3.0,3,0.358
bl_004092,reddit,positive_reinforcement,high,high,high,3.0,3,0.177
bl_003988,reddit,reframe,high,high,high,3.0,3,0.257
bl_002936,reddit,positive_reinforcement,high,high,high,3.0,3,0.54
bl_000096,reddit,positive_reinforcement,high,high,high,3.0,3,0.624
