label,n,mean,sd,p5,p10,p25,p50,p75,p90,p95,pct_floor,pct_ceiling
reddit::composite,4660,2.6487,0.943,1.25,1.5,2.0,2.5,3.375,4.0,4.375,2.12,0.09
stackexchange::composite,90072,3.427,0.8909,1.875,2.25,2.625,3.5,4.25,4.5,4.625,0.06,0.82
wikipedia::composite,4766,2.362,1.332,1.0,1.0,1.0,1.875,3.5,4.25,5.0,31.31,6.23
reddit::empathy,4660,2.5278,0.8698,1.5,1.5,2.0,2.5,3.0,3.5,4.0,3.91,0.11
stackexchange::empathy,90072,3.0705,0.9691,1.5,2.0,2.0,3.0,4.0,4.5,4.5,1.36,1.45
wikipedia::empathy,4766,1.9303,1.3096,1.0,1.0,1.0,1.0,3.0,4.0,5.0,60.81,6.69
reddit::constructiveness,4660,2.6863,0.97,1.0,1.5,2.0,2.5,3.5,4.0,4.5,6.01,0.19
stackexchange::constructiveness,90072,3.0415,1.0044,1.5,2.0,2.0,3.0,4.0,4.5,4.5,2.6,1.69
wikipedia::constructiveness,4766,2.5104,1.4227,1.0,1.0,1.0,2.0,3.5,5.0,5.0,34.1,10.66
reddit::respect,4660,3.0315,1.0562,1.5,1.5,2.0,3.0,4.0,4.5,5.0,4.1,5.49
stackexchange::respect,90072,4.2269,0.8129,2.5,3.0,3.5,4.5,5.0,5.0,5.0,0.07,38.99
wikipedia::respect,4766,2.9,1.5966,1.0,1.0,1.0,3.0,4.5,5.0,5.0,33.05,20.79
reddit::social_cohesion,4660,2.3494,1.0458,1.0,1.0,1.5,2.0,3.0,4.0,4.5,15.47,0.75
stackexchange::social_cohesion,90072,3.369,1.0204,1.5,2.0,2.5,3.5,4.5,4.5,5.0,1.25,5.79
wikipedia::social_cohesion,4766,2.1073,1.3748,1.0,1.0,1.0,1.0,3.5,4.5,5.0,50.73,7.68
